key	kind	title	artist	license	license_url	date	page	bytes
chourio	image	File:Chourio 2 61824 (cropped).jpg	Sewageboy	CC BY-SA 4.0	https://creativecommons.org/licenses/by-sa/4.0	2024-06-18 06:02:53	https://commons.wikimedia.org/wiki/File:Chourio_2_61824_(cropped).jpg	902651
chourio-wide	image	File:Chourio 3 61824.jpg	Sewageboy	CC BY-SA 4.0	https://creativecommons.org/licenses/by-sa/4.0	2024-06-18 06:05:23	https://commons.wikimedia.org/wiki/File:Chourio_3_61824.jpg	413850
rasmussen	image	File:DrewRasmussen2026.jpg	Raysfanjake1984	CC0	http://creativecommons.org/publicdomain/zero/1.0/deed.en	2026-06-21	https://commons.wikimedia.org/wiki/File:DrewRasmussen2026.jpg	694977
rice	image	File:Ben Rice yankee game.jpg	J. Passepartout	CC BY-SA 4.0	https://creativecommons.org/licenses/by-sa/4.0	2026-09-25 15:15:34	https://commons.wikimedia.org/wiki/File:Ben_Rice_yankee_game.jpg	491092
yamamoto	image	File:Yoshinobu Yamamoto in 2024 (53676737736) (cropped).jpg	All-Pro Reels from District of Columbia, USA	CC BY-SA 2.0	https://creativecommons.org/licenses/by-sa/2.0	2024-04-23	https://commons.wikimedia.org/wiki/File:Yoshinobu_Yamamoto_in_2024_(53676737736)_(cropped).jpg	624942
murakami	image	File:Munetaka Murakami.jpg	とらとうはんしん	CC BY 4.0	https://creativecommons.org/licenses/by/4.0	9 March 2024, 13:50:13	https://commons.wikimedia.org/wiki/File:Munetaka_Murakami.jpg	492441
harris	image	File:Michael Harris II takes batting practice, Aug 05 2022 4 (cropped).jpg	D. Benjamin Miller	CC0	http://creativecommons.org/publicdomain/zero/1.0/deed.en	2022-08-05 17:31	https://commons.wikimedia.org/wiki/File:Michael_Harris_II_takes_batting_practice,_Aug_05_2022_4_(cropped).jpg	6544292
riley	image	File:Austin Riley watches a pitch, Aug 06 2022.jpg	D. Benjamin Miller	CC0	http://creativecommons.org/publicdomain/zero/1.0/deed.en	2022-08-06 22:05	https://commons.wikimedia.org/wiki/File:Austin_Riley_watches_a_pitch,_Aug_06_2022.jpg	913484
muncy	image	File:Max Muncy (53678559115) (cropped).jpg	David from Washington, DC	CC BY 2.0	https://creativecommons.org/licenses/by/2.0	2024-04-24 18:53	https://commons.wikimedia.org/wiki/File:Max_Muncy_(53678559115)_(cropped).jpg	4381321
miller	image	File:Mason Miller Pitching 8.22.26.jpg	False casey	CC BY-SA 4.0	https://creativecommons.org/licenses/by-sa/4.0	2026-08-22 20:33:50	https://commons.wikimedia.org/wiki/File:Mason_Miller_Pitching_8.22.26.jpg	434673
aranda	image	File:Jonathan Aranda (55242598870) (cropped).jpg	Erik Drost	CC BY 4.0	https://creativecommons.org/licenses/by/4.0	2026-04-28 20:39	https://commons.wikimedia.org/wiki/File:Jonathan_Aranda_(55242598870)_(cropped).jpg	876315
schlittler	image	File:Cam Schlittler (54476798685).jpg	Jeffrey Hyde	CC BY-SA 2.0	https://creativecommons.org/licenses/by-sa/2.0	2025-04-17 16:36:38	https://commons.wikimedia.org/wiki/File:Cam_Schlittler_(54476798685).jpg	1349825
france	image	File:Ty France (51268078402) (cropped).jpg	Ian D'Andrea from Philadelphia, PA	CC BY-SA 2.0	https://creativecommons.org/licenses/by-sa/2.0	2021-06-23 16:45	https://commons.wikimedia.org/wiki/File:Ty_France_(51268078402)_(cropped).jpg	977164
tatis	image	File:Fernando Tatis Jr. 6.19.21 Cropped.jpg	Ryan Casey Aguinaldo	CC BY-SA 4.0	https://creativecommons.org/licenses/by-sa/4.0	2021-06-19 17:43:51	https://commons.wikimedia.org/wiki/File:Fernando_Tatis_Jr._6.19.21_Cropped.jpg	358554
machado	image	File:Manny Machado 8.27.21 (cropped).jpg	Ryan Casey Aguinaldo	CC BY-SA 4.0	https://creativecommons.org/licenses/by-sa/4.0	2021-08-27 19:51:15	https://commons.wikimedia.org/wiki/File:Manny_Machado_8.27.21_(cropped).jpg	695211
sale	image	File:Chris Sale (48069955113) (cropped).jpg	KA Sports Photos from Hanover, MD, USA	CC BY-SA 2.0	https://creativecommons.org/licenses/by-sa/2.0	2019-06-15 17:19	https://commons.wikimedia.org/wiki/File:Chris_Sale_(48069955113)_(cropped).jpg	1243561
teel	image	File:Kyle Teel 2.jpg	Keiteay	CC0	http://creativecommons.org/publicdomain/zero/1.0/deed.en	2025-04-12 19:43:12	https://commons.wikimedia.org/wiki/File:Kyle_Teel_2.jpg	1743609
caminero	image	File:20260610 SBROAD ASG Caminero.jpg	Moriah Levin	CC BY 4.0	https://creativecommons.org/licenses/by/4.0	2026-07-10	https://commons.wikimedia.org/wiki/File:20260610_SBROAD_ASG_Caminero.jpg	726278
cole	image	File:Gerrit Cole (53947688783) (cropped).jpg	Jeffrey Hyde from Bryan, TX, United States	CC BY-SA 2.0	https://creativecommons.org/licenses/by-sa/2.0	2024-08-18 19:52	https://commons.wikimedia.org/wiki/File:Gerrit_Cole_(53947688783)_(cropped).jpg	1509656
freeman	image	File:Freddie Freeman - Dodgers vs Nationals 4-23-2024.jpg	All-Pro Reels from District of Columbia, USA	CC BY-SA 2.0	https://creativecommons.org/licenses/by-sa/2.0	2024-04-23 19:37	https://commons.wikimedia.org/wiki/File:Freddie_Freeman_-_Dodgers_vs_Nationals_4-23-2024.jpg	1708209
teoscar	image	File:Teoscar Hernández (53680486178) (cropped).jpg	David from Washington, DC	CC BY 2.0	https://creativecommons.org/licenses/by/2.0	2024-04-24 20:01	https://commons.wikimedia.org/wiki/File:Teoscar_Hern%C3%A1ndez_(53680486178)_(cropped).jpg	5498968
tucker	image	File:Kyle Tucker (48784910186) (cropped).jpg	Flickr user thatlostdog--	CC BY 2.0	https://creativecommons.org/licenses/by/2.0	Taken on 21 September 2019, 19:02:11	https://commons.wikimedia.org/wiki/File:Kyle_Tucker_(48784910186)_(cropped).jpg	570691
yelich	image	File:Yelich 4 61824 (cropped).jpg	Sewageboy	CC BY-SA 4.0	https://creativecommons.org/licenses/by-sa/4.0	2024-06-18 05:51:30	https://commons.wikimedia.org/wiki/File:Yelich_4_61824_(cropped).jpg	748705
contreras	image	File:William Contreras 1 61824.jpg	Sewageboy	CC BY-SA 4.0	https://creativecommons.org/licenses/by-sa/4.0	2024-06-18 04:48:41	https://commons.wikimedia.org/wiki/File:William_Contreras_1_61824.jpg	576249
ramirez	image	File:Jose Ramirez (52968360805) (cropped).jpg	Erik Drost	CC BY 2.0	https://creativecommons.org/licenses/by/2.0	2023-05-14 12:55:52	https://commons.wikimedia.org/wiki/File:Jose_Ramirez_(52968360805)_(cropped).jpg	866499
kwan	image	File:Steven Kwan (52103124981) (cropped).jpg	Erik Drost	CC BY 2.0	https://creativecommons.org/licenses/by/2.0	2022-05-21 11:00:04	https://commons.wikimedia.org/wiki/File:Steven_Kwan_(52103124981)_(cropped).jpg	486407
merrill	image	File:Jackson Merrill 6.24.2024.jpg	False casey	CC0	http://creativecommons.org/publicdomain/zero/1.0/deed.en	2024-06-24 20:59:35	https://commons.wikimedia.org/wiki/File:Jackson_Merrill_6.24.2024.jpg	443418
pivetta	image	File:Nick Pivetta pitching May 2024 03.jpg	Thomson200	CC0	http://creativecommons.org/publicdomain/zero/1.0/deed.en	2024-05-08 21:04:24	https://commons.wikimedia.org/wiki/File:Nick_Pivetta_pitching_May_2024_03.jpg	530458
megill	image	File:Trevor Megill.jpg	IanStone20165	CC0	http://creativecommons.org/publicdomain/zero/1.0/deed.en	7 June 2025, 20:55:20	https://commons.wikimedia.org/wiki/File:Trevor_Megill.jpg	522927
judge	image	File:Aaron Judge (53947419176) (cropped).jpg	Jeffrey Hyde from Bryan, TX, United States	CC BY-SA 2.0	https://creativecommons.org/licenses/by-sa/2.0	2024-08-18 17:43	https://commons.wikimedia.org/wiki/File:Aaron_Judge_(53947419176)_(cropped).jpg	1232689
acuna	image	File:Ronald Acuna Jr. (48396603396) (cropped).jpg	Ian D'Andrea from Philadelphia, PA	CC BY-SA 2.0	https://creativecommons.org/licenses/by-sa/2.0	2019-07-27 09:07	https://commons.wikimedia.org/wiki/File:Ronald_Acuna_Jr._(48396603396)_(cropped).jpg	1091822
olson	image	File:Matt Olson at first base, Aug 05 2022 (cropped).jpg	D. Benjamin Miller	CC0	http://creativecommons.org/publicdomain/zero/1.0/deed.en	2022-08-05 21:43:38	https://commons.wikimedia.org/wiki/File:Matt_Olson_at_first_base,_Aug_05_2022_(cropped).jpg	4669904
albies	image	File:Ozzie Albies after batting practice at Coors Field.jpg	Kamen Guentchev	CC BY-SA 4.0	https://creativecommons.org/licenses/by-sa/4.0	2019-04-09 17:36:26	https://commons.wikimedia.org/wiki/File:Ozzie_Albies_after_batting_practice_at_Coors_Field.jpg	490192
iglesias	image	File:Raisel iglesias 2021 (cropped).jpg	Uncivil Engineer	CC BY-SA 2.0	https://creativecommons.org/licenses/by-sa/2.0	2021-10-03 15:59:28	https://commons.wikimedia.org/wiki/File:Raisel_iglesias_2021_(cropped).jpg	1267056
petco	image	File:Padres at Petco Park.jpg	Mds08011	CC BY 4.0	https://creativecommons.org/licenses/by/4.0	05/07/2019 (according to Exif data)	https://commons.wikimedia.org/wiki/File:Padres_at_Petco_Park.jpg	834934
truist	image	File:SunTrust Park view behind home plate, May 2017.jpg	Thomson200	CC0	http://creativecommons.org/publicdomain/zero/1.0/deed.en	2017-05-09 22:06:23	https://commons.wikimedia.org/wiki/File:SunTrust_Park_view_behind_home_plate,_May_2017.jpg	617848
dodger-stadium	image	File:Dodger Stadium - September 11, 2024.jpg	Sammythecat7	CC0	http://creativecommons.org/publicdomain/zero/1.0/deed.en	2024-09-11 19:35:53	https://commons.wikimedia.org/wiki/File:Dodger_Stadium_-_September_11,_2024.jpg	778887
tropicana	image	File:Tropicana Field ALWC Game 2 2023.jpg	Yamasztuka	CC BY-SA 4.0	https://creativecommons.org/licenses/by-sa/4.0	2023-10-04 16:13:03	https://commons.wikimedia.org/wiki/File:Tropicana_Field_ALWC_Game_2_2023.jpg	779771
progressive	image	File:New York Mets at Cleveland Guardians (August 6, 2026), Progressive Field, Cleveland, Ohio 09.jpg	Deans Charbal	CC BY-SA 4.0	https://creativecommons.org/licenses/by-sa/4.0	2026-08-06 13:28:04	https://commons.wikimedia.org/wiki/File:New_York_Mets_at_Cleveland_Guardians_(August_6,_2026),_Progressive_Field,_Cleveland,_Ohio_09.jpg	939584
rate-field	image	File:Guaranteed Rate Field White Sox vs NY Mets 29.jpg	Zakarie Faibis	CC BY-SA 4.0	https://creativecommons.org/licenses/by-sa/4.0	2019-08-01	https://commons.wikimedia.org/wiki/File:Guaranteed_Rate_Field_White_Sox_vs_NY_Mets_29.jpg	638215
dodger-ring	image	File:2024 Dodgers World Series Championship Ring on the Dodger Stadium Scoreboard, Chicago Cubs at Los Angeles Dodgers, (April 12, 2025).jpg	Spatms	CC BY-SA 4.0	https://creativecommons.org/licenses/by-sa/4.0	2025-04-12 20:46:07	https://commons.wikimedia.org/wiki/File:2024_Dodgers_World_Series_Championship_Ring_on_the_Dodger_Stadium_Scoreboard,_Chicago_Cubs_at_Los_Angeles_Dodgers,_(April_12,_2025).jpg	550497
bazzana	video	File:Travis Bazzana Grand Slam Home Run (53896845773).webm	Erik Drost	CC BY 2.0	https://creativecommons.org/licenses/by/2.0	2024-08-02	https://commons.wikimedia.org/wiki/File:Travis_Bazzana_Grand_Slam_Home_Run_(53896845773).webm	56330479
grove	video	File:VIDEO Toronto Blue Jays at Los Angeles Dodgers (July 24, 2023) - warming-up Michael Grove.webm	Benoît Prieur	CC0	http://creativecommons.org/publicdomain/zero/1.0/deed.en	2023-07-24	https://commons.wikimedia.org/wiki/File:VIDEO_Toronto_Blue_Jays_at_Los_Angeles_Dodgers_(July_24,_2023)_-_warming-up_Michael_Grove.webm	134914489
